{"c": 0.9, "dt": 0.01, "t_steps": 10000, "abs_tol": 1e-50, "rel_tol": 1e-05, "max_iter": 50000, "pulley_other_line_pair": {"60": [22.0, 24.0, 2.8638711442513793], "58": [23.0, 24.0, 2.3405816071107988], "62": [22.0, 28.0, 2.8638711442513793], "59": [27.0, 28.0, 2.3405816071107988]}, "k": [50000.0, 50000.0, 50000.0, 50000.0, 1000.0, 1000.0, 50000.0, 50000.0, 50000.0, 50000.0, 1000.0, 1000.0, 50000.0, 50000.0, 50000.0, 50000.0, 1000.0, 1000.0, 50000.0, 50000.0, 50000.0, 50000.0, 1000.0, 1000.0, 50000.0, 50000.0, 50000.0, 50000.0, 1000.0, 1000.0, 50000.0, 50000.0, 50000.0, 50000.0, 1000.0, 1000.0, 50000.0, 50000.0, 50000.0, 50000.0, 1000.0, 1000.0, 50000.0, 50000.0, 50000.0, 50000.0, 1000.0, 1000.0, 50000.0, 50000.0, 50000.0, 50000.0, 1000.0, 1000.0, 50000.0, 50000.0, 50000.0, 50000.0, 50000.0, 50000.0, 50000.0, 50000.0, 50000.0, 50000.0, 50000.0, 50000.0, 50000.0, 50000.0, 50000.0, 50000.0, 50000.0, 50000.0, 50000.0, 50000.0, 50000.0, 50000.0, 50000.0, 50000.0, 50000.0, 50000.0, 50000.0, 50000.0, 50000.0, 50000.0, 50000.0, 50000.0, 50000.0, 50000.0, 50000.0, 50000.0, 50000.0, 50000.0, 50000.0, 50000.0], "is_compression": [true, true, false, true, false, false, true, true, false, true, false, false, true, true, false, true, false, false, true, true, false, true, false, false, true, true, false, true, false, false, true, true, false, true, false, false, true, true, false, true, false, false, true, true, false, true, false, false, true, true, false, true, false, false, false, false, false, false, false, false, false, false, false, false, false, false, false, false, false, false, false, false, false, false, false, false, false, false, false, false, false, false, false, false, false, false, false, false, false, false, false, false, false, false], "is_tension": [true, true, true, true, true, true, true, true, true, true, true, true, true, true, true, true, true, true, true, true, true, true, true, true, true, true, true, true, true, true, true, true, true, true, true, true, true, true, true, true, true, true, true, true, true, true, true, true, true, true, true, true, true, true, true, true, true, true, true, true, true, true, true, true, true, true, true, true, true, true, true, true, true, true, true, true, true, true, true, true, true, true, true, true, true, true, true, true, true, true, true, true, true, true], "is_pulley": [false, false, false, false, false, false, false, false, false, false, false, false, false, false, false, false, false, false, false, false, false, false, false, false, false, false, false, false, false, false, false, false, false, false, false, false, false, false, false, false, false, false, false, false, false, false, false, false, false, false, false, false, false, false, false, false, false, false, true, true, true, false, true, false, false, false, false, false, false, false, false, false, false, false, false, false, false, false, false, false, false, false, false, false, false, false, false, false, false, false, false, false, false, false], "is_rotational": [true, true, false, true, false, false, true, true, false, true, false, false, true, true, false, true, false, false, true, true, false, true, false, false, true, true, false, true, false, false, true, true, false, true, false, false, true, true, false, true, false, false, true, true, false, true, false, false, true, true, false, true, false, false, true, true, true, true, true, true, true, true, true, true, true, true, true, true, true, true, true, true, true, true, true, true, true, true, true, true, true, true, true, true, true, true, true, true, true, true, true, true, true, true], "n": 37, "aerostructural_tol": 25.0, "l0": [1.3990213376738259, 1.7281439236583667, 1.2518030597706775, 0.7015380391093075, 1.3759487374332864, 1.9975700275639268, 1.5783185624280678, 2.249575398725647, 1.573796301066927, 1.7281439236583667, 2.551322622085479, 2.496687353016216, 1.4274159893458738, 2.5045334390096428, 1.4096486820629126, 2.249575398725647, 2.7440389803737433, 2.7861953570331908, 1.3468453098963156, 2.626427362762899, 1.3338104411792946, 2.5045334390096428, 2.8804368453103164, 2.907217779250614, 1.3339083103443277, 2.626427362762899, 1.3268175823618367, 2.626427362762899, 2.9441422675022175, 2.9441422675022175, 1.3468453098963156, 2.5045334390096428, 1.3338104411792946, 2.626427362762899, 2.907217779250614, 2.8804368453103164, 1.4274159893458738, 2.249575398725647, 1.4096486820629126, 2.5045334390096428, 2.7861953570331908, 2.7440389803737433, 1.5783185624280678, 1.7281439236583667, 1.573796301066927, 2.249575398725647, 2.496687353016216, 2.551322622085479, 1.3990213376738259, 0.7015380391093075, 1.2518030597706775, 1.7281439236583667, 1.9975700275639268, 1.3759487374332864, 0.95, 1.0979999999999996, 1.6005947322165974, 1.6005947322165974, 2.8638711442513793, 2.8638711442513793, 2.3405816071107988, 6.136472920477778, 2.3405816071107988, 6.136472920477778, 3.294446189671765, 3.2414638608775626, 3.294446189671765, 3.2414638608775626, 1.7114160066670918, 2.5300364156199593, 1.7114160066670918, 2.5300364156199593, 2.853244880514887, 3.194613594536709, 2.853244880514887, 3.194613594536709, 5.688883470891625, 5.688883470891625, 1.8712710898826828, 2.2970412383152796, 1.8712710898826828, 2.2970412383152796, 2.2941999331130436, 2.791491965569317, 2.2941999331130436, 2.791491965569317, 2.8814518651535197, 3.199527358061682, 2.8814518651535197, 3.199527358061682, 4.297613687231579, 4.297613687231579, 3.528491226341037, 3.528491226341037], "is_with_visc_damping": true, "g": 9.81}